{"schemaVersion":"1.0","appDefinitionTemplate":{"id":"/providers/Microsoft.PowerApps/apps/","type":"Microsoft.PowerApps/apps","tags":{"primaryDeviceWidth":"1136","primaryDeviceHeight":"640","sienaVersion":"20200816T155605Z-3.20074.20.0","deviceCapabilities":"webcam","supportsPortrait":"false","supportsLandscape":"true","primaryFormFactor":"Phone","publisherVersion":"3.20074.20","minimumRequiredApiVersion":"2.2.0","hasComponent":"false","hasUnlockedComponent":"false","isUnifiedRootApp":"false"},"properties":{"appVersion":"2020-08-16T15:56:05Z","lifeCycleId":"Published","createdByClientVersion":{"major":3,"minor":20074,"build":20,"revision":0,"majorRevision":0,"minorRevision":0},"minClientVersion":{"major":3,"minor":20074,"build":20,"revision":0,"majorRevision":0,"minorRevision":0},"backgroundColor":"rgba(81, 92, 107, 1)","backgroundImageUri":"/11290020837646213594/N6fe999a0-855d-4494-9f1b-23eddabcb15e-logoSmallFile","displayName":"NYC2ME","description":"","commitMessage":"","appUris":{"documentUri":{"value":"/11290020837646213594/N0479d209-0edb-4b46-a0f1-813111ff8450-document.msapp","readonlyValue":"/11290020837646213594/N0479d209-0edb-4b46-a0f1-813111ff8450-document.msapp"},"imageUris":[]},"createdTime":"0001-01-01T00:00:00Z","lastModifiedTime":"0001-01-01T00:00:00Z","sharedGroupsCount":0,"sharedUsersCount":0,"icons":{"smallIconUri":"/11290020837646213594/N6a25abc1-7d68-40bf-82ec-aa06b439a557-small.png","mediumIconUri":"/11290020837646213594/Nbf338959-83a6-4225-a4eb-59b161ff64e0-medium.png","largeIconUri":"/11290020837646213594/N8c9f1731-a4ed-4d2b-a630-ebaf34f4d094-large.png","wideIconUri":"/11290020837646213594/Nbf21b6b3-bb2b-471a-89af-b287040f17e5-wide.png"},"connectionReferences":{},"databaseReferences":{},"almMode":"Environment","performanceOptimizationEnabled":true,"canConsumeAppPass":true},"isAppComponentLibrary":false,"appType":"ClassicCanvasApp","appComponents":[]}}